Workbook

Sheet 量價拆解_月度
A1: 台燿6274 營收量×價拆解(bottom-up)｜單位:億元 | B1: 115/01 | C1: 115/02 | D1: 115/03 | E1: 115/04 | F1: 115/05 | G1: 115/06 | H1: 115/07 | I1: 115/08 | J1: 115/09 | K1: 115/10 | L1: 115/11 | M1: 115/12 | N1: 116/01 | O1: 116/02 | P1: 116/03 | Q1: 116/04 | R1: 116/05 | S1: 116/06 | T1: 116/07 | U1: 116/08 | V1: 116/09 | W1: 116/10 | X1: 116/11 | Y1: 116/12 | Z1: 117/01 | AA1: 117/02 | AB1: 117/03 | AC1: 117/04 | AD1: 117/05 | AE1: 117/06 | AF1: 117/07 | AG1: 117/08 | AH1: 117/09 | AI1: 117/10 | AJ1: 117/11 | AK1: 117/12 | AL1: 2026全年 | AM1: 2027全年 | AN1: 2028全年
A2: 月產能(萬張) | B2: 235 | C2: 235 | D2: 235 | E2: 240 | F2: 250 | G2: 258 | H2: 265 | I2: 278 | J2: 290 | K2: 290 | L2: 293 | M2: 295 | N2: 300 | O2: 308 | P2: 316 | Q2: 324 | R2: 332 | S2: 340 | T2: 348 | U2: 356 | V2: 364 | W2: 372 | X2: 376 | Y2: 380 | Z2: 385 | AA2: 390 | AB2: 395 | AC2: 400 | AD2: 405 | AE2: 410 | AF2: 415 | AG2: 418 | AH2: 420 | AI2: 424 | AJ2: 427 | AK2: 430
A3: 稼動率 | B3: 0.93 | C3: 0.93 | D3: 0.93 | E3: 0.93 | F3: 0.93 | G3: 0.93 | H3: 0.93 | I3: 0.93 | J3: 0.93 | K3: 0.93 | L3: 0.93 | M3: 0.93 | N3: 0.93 | O3: 0.93 | P3: 0.93 | Q3: 0.93 | R3: 0.93 | S3: 0.93 | T3: 0.93 | U3: 0.93 | V3: 0.93 | W3: 0.93 | X3: 0.93 | Y3: 0.93 | Z3: 0.93 | AA3: 0.93 | AB3: 0.93 | AC3: 0.93 | AD3: 0.93 | AE3: 0.93 | AF3: 0.93 | AG3: 0.93 | AH3: 0.93 | AI3: 0.93 | AJ3: 0.93 | AK3: 0.93
A4: 月產出(萬張) | B4: =B2*B3 | C4: =C2*C3 | D4: =D2*D3 | E4: =E2*E3 | F4: =F2*F3 | G4: =G2*G3 | H4: =H2*H3 | I4: =I2*I3 | ... AK4: =AK2*AK3 | AL4: =SUM(B4:M4) | AM4: =SUM(N4:Y4) | AN4: =SUM(Z4:AK4)
A5: blended ASP(TWD/張) | B5: =B6*10000/B4 | C5: =C6*10000/C4 | D5: =D6*10000/D4 | E5: =E6*10000/E4 | F5: =F6*10000/F4 | G5: =G6*10000/G4 | H5: 2100 | I5: 2130 | J5: 2160 | K5: 2180 | L5: 2200 | M5: 2210 | N5: 2300 | O5: 2340 | P5: 2380 | Q5: 2420 | R5: 2460 | S5: 2500 | T5: 2540 | U5: 2580 | V5: 2610 | W5: 2640 | X5: 2660 | Y5: 2680 | Z5: 2800 | AA5: 2840 | AB5: 2880 | AC5: 2900 | AD5: 2940 | AE5: 2970 | AF5: 3000 | AG5: 3030 | AH5: 3060 | AI5: 3090 | AJ5: 3110 | AK5: 3130 | AL5: =AL6*10000/AL4 | AM5: =AM6*10000/AM4 | AN5: =AN6*10000/AN4
A6: 月營收(億元) | B6: 33.5 | C6: 29.24 | D6: 37.8 | E6: 46.1 | F6: 47.94 | G6: 48.95 | H6: =H4*H5/10000 | I6: =I4*I5/10000 | J6: =J4*J5/10000 | K6: =K4*K5/10000 | L6: =L4*L5/10000 | M6: =M4*M5/10000 | N6: =N4*N5/10000 | O6: =O4*O5/10000 | ... AK6: =AK4*AK5/10000 | AL6: =SUM(B6:M6) | AM6: =SUM(N6:Y6) | AN6: =SUM(Z6:AK6)
A7: 高階M7+佔比 | AL7: 38%→50% | AM7: 50%→60% | AN7: 60%→68%

Sheet BU_vs_法人共識
A1: 台燿6274｜bottom-up量價模型 vs 法人共識
A3: 項目 | B3: 2026 | C3: 2027 | D3: 2028 | E3: 說明
A4: ① 營收 bottom-up(億) | B4: =量價拆解_月度!AL6 | C4: =量價拆解_月度!AM6 | D4: =量價拆解_月度!AN6 | E4: 產能×稼動×ASP,H1實際校準
A5: 法人共識營收(億) | B5: 599.35 | C5: 1048.29 | D5: 1611.84 | E5: 優分析,對照非輸入
A6: 營收差異% | B6: =B4/B5-1 | C6: =C4/C5-1 | D6: =D4/D5-1 | E6: BU相對共識
A7: ② BU年產出(萬張) | B7: =量價拆解_月度!AL4 | C7: =量價拆解_月度!AM4 | D7: =量價拆解_月度!AN4 | E7: 產能×稼動
A8: BU平均ASP(TWD/張) | B8: =B4*10000/B7 | C8: =C4*10000/C7 | D8: =D4*10000/D7 | E8: 漲價+mix可支撐
A9: 共識隱含ASP(TWD/張) | B9: =B5*10000/B7 | C9: =C5*10000/C7 | D9: =D5*10000/D7 | E9: 同產能下共識需要的ASP
A10: ASP缺口%(共識/BU-1) | B10: =B9/B8-1 | C10: =C9/C8-1 | D10: =D9/D8-1 | E10: 共識隱含的額外漲價/mix
A11: ③ EPS bottom-up(元) | B11: 31.74 | C11: 61.19 | D11: 98.03 | E11: BU營收過同一損益表
A12: 法人共識EPS(元) | B12: 35.27 | C12: 76.4 | D12: 128.95 | E12: 優分析
A13: EPS差異% | B13: =B11/B12-1 | C13: =C11/C12-1 | D13: =D11/D12-1 | E13: BU相對共識
A16: 結論:紀律型量×價 bottom-up(量封頂於公司產能口徑380萬張、稼動93%、ASP由漲價+M8/M9 mix支撐)之營收與EPS,系統性低於法人共識,且缺口逐年擴大。
A17: 2026差距小(-2%營收/-10%EPS,多被H1實際與近月鎖定);2027-2028營收缺口擴大至-8%/-15%,EPS缺口-20%/-24%。
A18: 意涵:法人共識2028營收要成立,需blended ASP約3,523 TWD/張(vs BU可支撐2,983,+18%),等同假設M9/M10高階佔比或漲價幅度顯著超越目前mix遷移路徑,或產能/稼動高於公司現有指引(380萬張/滿載)。
A19: 最可證偽的追蹤點:①季度隱含ASP(=季營收/季產出)是否沿BU路徑或衝向共識路徑 ②M9認證量產時點與佔比 ③2028是否有380萬張以外的新擴產宣布 ④稼動率是否守住90%+。
A20: 假設來源:產能=公司法說口徑(230→290→380萬張);稼動93%=滿載/供不應求推估;H1 ASP=月營收公告回推(真實數據1533→2050);H2+ ASP=漲價全季化+mix推估,mix升幅以海關M4→M8 +54%(CCL)/+75-196%(PP)定調。

Sheet 情境_增量全給M6+
A1: 台燿6274｜情境:新增產能全部以M6+單價出貨（不對稱缺料/增量全高階）
A2: 邏輯:基礎產能235萬張維持現有blended ASP(漲價路徑)，泰國/常熟新增產能(cap-235)全部以M6+單價(base×溢價倍數)出貨。溢價倍數1.6~2.0(小助理:M7+ ASP約M6以下2倍+)。
C4: 營收(億元) | F4: EPS(元)
A5: 情境 | B5: 溢價倍數 | C5: 2026 | D5: 2027 | E5: 2028 | F5: 2026 | G5: 2027 | H5: 2028
A6: BU基準(mix平滑) | B6: — | C6: 588 | D6: 964 | E6: 1365 | F6: 31.74 | G6: 61.19 | H6: 98.03
A7: 增量全M6+ (下緣) | B7: 1.6× | C7: 609 | D7: 992 | E7: 1310 | F7: 32.98 | G7: 62.92 | H7: 94.03
A8: 增量全M6+ (中性) | B8: 1.8× | C8: 621 | D8: 1045 | E8: 1399 | F8: 33.66 | G8: 66.26 | H8: 100.46
A9: 增量全M6+ (上緣) | B9: 2.0× | C9: 633 | D9: 1097 | E9: 1488 | F9: 34.35 | G9: 69.6 | H9: 106.88
A10: 法人共識 | B10: — | C10: 599.35 | D10: 1048.29 | E10: 1611.84 | F10: 35.27 | G10: 76.4 | H10: 128.95
A13: 關鍵解讀:
A14: ① 營收面:增量全給M6+(中性1.8×)後,2026營收+3.6%、2027營收-0.3%已幾乎貼齊共識——代表法人共識2026-2027營收，本質上就是「新產能全配高階」這條劇本，並非離譜。
A15: ② 但2028營收即使增量全2.0×仍-7.7%~-13%(1488 vs 1612):共識2028需要①產能突破380萬張(2028我推估430已算擴張)②或M9/M10 ASP再上一階。此為共識最激進、最需要新催化劑的一年。
A16: ③ EPS面:即使增量全2.0×、2027營收已超過共識(1097>1048),EPS(69.6)仍低於共識(76.4)——差距來自稅率。本模型用台燿實際有效稅率28-30%,共識隱含約20%。
A17: ④ 完整拆解:要對到共識EPS 76.4(2027)＝「增量全高階(約2×)」＋「有效稅率降到約20%(泰國BOI)」兩件事同時成立。缺一則EPS落在62~70。
A18: ⑤ 最早可證偽的追蹤點:季度隱含ASP(季營收/季產出)往哪條線走、M9認證量產佔比、2028是否有380萬張以外新擴產、季報回推之有效稅率是否下降。
